Dataset,Precision_Original,Precision_Generated,Recall_Original,Recall_Generated,F1_Original,F1_Generated,Num_Fake_Samples,Synthetic/Original_Ratio
diabetes,0.6385542168674698,0.6875,0.6625,0.825,0.6503067484662577,0.75,100,37.3134328358209
creditcard_sampled,0.8666666666666667,0.875,0.7647058823529411,0.8235294117647058,0.8125,0.8484848484848485,50,100.0
HTRU,0.9376443418013857,0.9746543778801844,0.8353909465020576,0.8703703703703703,0.8835690968443961,0.9195652173913044,100,6.101281269066504
mammography,0.9166666666666666,0.9482758620689655,0.5945945945945946,0.7432432432432432,0.7213114754098361,0.8333333333333334,100,38.46153846153846
