Dataset,Augmentaion Ratio,Recall_Original,Recall_Generated
HTRU,50%,0.8353909465020576,0.9074074074074074
HTRU,100%,0.8353909465020576,0.9238683127572016
HTRU,200%,0.8353909465020576,0.9238683127572016
creditcard,50%,0.8014705882352942,0.8897058823529411
creditcard,100%,0.8014705882352942,0.8676470588235294
creditcard,200%,0.8014705882352942,0.8970588235294118
